ID,Programming: R,Programming: Python,Programming: Bash,Version Control: GIT,Containers: Docker,"CLI: (np. Bash, PowerShell, CMD)","Front End: (HTML, JavaScript, CSS)",Databases: SQL,Databases: NoSQL,Cloud: Azure,Cloud: AWS,Cloud: GPC,BI: PowerBI,BI: Tableau,Area: Time Series,"Area: Classical ML (Clustering, Regression, Classification)",Area: NLP,Area: Computer Vision,Project Management,Promocja w Social Media,Ux/Ui,Projektowanie graficzne,Nawiązywanie Relacji z Biznesem,Nawiązywanie Relacji z naukowcami,Pozyskiwanie finansowania,Współpraca z administracją UEW,FinTech,HealthTech,FashionTech,E-commerce,SportTech,Non-profit,PropTech (nieruchomości),Cybersecurity,HR,Organizowanie życia community
1,2.0,3.0,3.0,4.0,3.0,4.0,4.0,3.0,3.0,3.0,2.0,2.0,3.0,3.0,2.0,2.0,2.0,2.0,3.0,4.0,4.0,4.0,3.0,3.0,3.0,2.0,3.0,2.0,3.0,3.0,3.0,2.0,3.0,2.0,2.0,1
2,3.0,3.0,1.0,3.0,2.0,2.0,1.0,4.0,2.0,2.0,1.0,1.0,4.0,1.0,3.0,3.0,2.0,2.0,2.0,3.0,3.0,3.0,2.0,2.0,1.0,1.0,2.0,2.0,2.0,2.0,2.0,2.0,2.0,2.0,2.0,0
3,0.0,1.0,0.0,1.0,0.0,0.0,0.0,3.0,0.0,0.0,0.0,0.0,2.0,0.0,1.0,3.0,0.0,0.0,3.0,2.0,2.0,2.0,2.0,2.0,2.0,2.0,3.0,0.0,0.0,2.0,0.0,1.0,2.0,0.0,0.0,0
4,3.0,3.0,2.0,2.0,2.0,2.0,1.0,3.0,2.0,2.0,2.0,2.0,2.0,3.0,3.0,3.0,2.0,2.0,2.0,3.0,3.0,3.0,2.0,2.0,2.0,3.0,3.0,2.0,2.0,3.0,1.0,3.0,1.0,2.0,1.0,1
5,3.0,3.0,2.0,2.0,2.0,2.0,1.0,3.0,1.0,1.0,2.0,1.0,1.0,3.0,1.0,4.0,3.0,1.0,2.0,1.0,1.0,1.0,4.0,4.0,1.0,3.0,3.0,3.0,1.0,1.0,1.0,2.0,1.0,1.0,2.0,1
6,1.0,3.0,2.0,2.0,2.0,2.0,2.0,3.0,2.0,2.0,2.0,2.0,2.0,1.0,3.0,2.0,2.0,2.0,3.0,1.0,1.0,1.0,3.0,3.0,3.0,3.0,4.0,2.0,1.0,2.0,1.0,2.0,3.0,2.0,1.0,1
7,2.0,3.0,2.0,2.0,2.0,2.0,1.0,3.0,2.0,2.0,2.0,0.0,2.0,2.0,0.0,0.0,0.0,0.0,2.0,1.0,2.0,1.0,2.0,1.0,1.0,1.0,2.0,0.0,1.0,1.0,1.0,2.0,1.0,1.0,1.0,0
8,3.0,2.0,0.0,0.0,0.0,0.0,0.0,3.0,0.0,0.0,0.0,0.0,2.0,2.0,0.0,0.0,0.0,0.0,1.0,1.0,1.0,1.0,1.0,1.0,1.0,1.0,1.0,1.0,0.0,2.0,0.0,1.0,0.0,1.0,1.0,0
9,1.0,3.0,2.0,2.0,2.0,2.0,2.0,4.0,2.0,3.0,2.0,2.0,4.0,3.0,2.0,3.0,2.0,2.0,3.0,1.0,1.0,1.0,3.0,2.0,2.0,2.0,2.0,2.0,2.0,2.0,2.0,2.0,2.0,2.0,2.0,0
10,2.0,2.0,1.0,2.0,0.0,2.0,1.0,2.0,2.0,2.0,2.0,2.0,2.0,0.0,0.0,0.0,0.0,0.0,0.0,0.0,0.0,0.0,3.0,0.0,0.0,0.0,3.0,2.0,1.0,2.0,2.0,2.0,2.0,2.0,1.0,0
11,0.0,2.0,0.0,3.0,0.0,1.0,3.0,2.0,2.0,2.0,2.0,2.0,2.0,0.0,0.0,0.0,0.0,0.0,2.0,2.0,2.0,1.0,2.0,2.0,2.0,0.0,2.0,2.0,2.0,3.0,2.0,2.0,2.0,2.0,2.0,0
12,3.0,3.0,2.0,3.0,2.0,2.0,2.0,3.0,2.0,2.0,2.0,2.0,2.0,2.0,2.0,2.0,2.0,2.0,2.0,1.0,2.0,1.0,2.0,2.0,2.0,1.0,3.0,2.0,2.0,2.0,2.0,2.0,2.0,1.0,1.0,0
13,0.0,2.0,0.0,1.0,0.0,0.0,0.0,4.0,1.0,0.0,0.0,0.0,3.0,1.0,1.0,0.0,0.0,0.0,1.0,0.0,1.0,2.0,0.0,0.0,0.0,0.0,0.0,1.0,0.0,2.0,0.0,0.0,0.0,0.0,0.0,0
14,2.0,2.0,0.0,0.0,0.0,0.0,2.0,2.0,2.0,2.0,2.0,2.0,2.0,2.0,0.0,0.0,0.0,0.0,3.0,3.0,2.0,1.0,2.0,1.0,1.0,1.0,2.0,2.0,1.0,3.0,2.0,3.0,1.0,2.0,1.0,0
15,2.0,2.0,0.0,0.0,0.0,0.0,0.0,2.0,0.0,0.0,0.0,0.0,2.0,2.0,0.0,0.0,0.0,0.0,0.0,1.0,0.0,0.0,1.0,0.0,0.0,0.0,1.0,0.0,0.0,1.0,0.0,0.0,1.0,0.0,1.0,0
16,4.0,4.0,3.0,4.0,4.0,3.0,3.0,3.0,3.0,3.0,3.0,4.0,2.0,3.0,4.0,4.0,4.0,2.0,4.0,2.0,3.0,1.0,4.0,4.0,3.0,3.0,3.0,2.0,2.0,4.0,2.0,3.0,2.0,2.0,3.0,1
17,2.0,2.0,0.0,0.0,0.0,1.0,1.0,2.0,2.0,0.0,0.0,0.0,2.0,2.0,0.0,0.0,0.0,0.0,1.0,1.0,2.0,3.0,2.0,2.0,2.0,2.0,0.0,0.0,0.0,0.0,0.0,0.0,0.0,0.0,0.0,0
18,2.0,2.0,2.0,3.0,2.0,2.0,2.0,3.0,2.0,2.0,0.0,0.0,0.0,0.0,0.0,3.0,2.0,0.0,1.0,1.0,2.0,2.0,1.0,2.0,1.0,1.0,0.0,0.0,0.0,0.0,0.0,0.0,0.0,0.0,0.0,0
19,1.0,3.0,1.0,1.0,1.0,1.0,1.0,4.0,3.0,3.0,1.0,1.0,3.0,3.0,1.0,3.0,2.0,1.0,1.0,1.0,1.0,1.0,1.0,1.0,1.0,1.0,0.0,0.0,0.0,0.0,0.0,0.0,0.0,0.0,0.0,0
20,2.0,3.0,2.0,3.0,2.0,2.0,2.0,3.0,2.0,2.0,2.0,2.0,2.0,2.0,2.0,2.0,2.0,2.0,2.0,1.0,1.0,1.0,2.0,2.0,2.0,2.0,2.0,2.0,0.0,2.0,0.0,2.0,0.0,2.0,1.0,0
21,3.0,2.0,0.0,0.0,0.0,0.0,2.0,3.0,2.0,2.0,2.0,2.0,3.0,2.0,0.0,0.0,0.0,0.0,2.0,2.0,0.0,0.0,0.0,0.0,0.0,0.0,0.0,0.0,0.0,2.0,0.0,0.0,0.0,2.0,0.0,0
22,1.0,2.0,1.0,2.0,1.0,1.0,2.0,3.0,2.0,2.0,1.0,2.0,2.0,2.0,1.0,1.0,1.0,1.0,2.0,3.0,2.0,2.0,3.0,2.0,2.0,3.0,2.0,1.0,2.0,2.0,1.0,1.0,2.0,1.0,2.0,1
23,2.0,3.0,2.0,2.0,2.0,2.0,1.0,4.0,2.0,2.0,2.0,2.0,4.0,2.0,2.0,2.0,2.0,2.0,3.0,3.0,1.0,1.0,4.0,2.0,3.0,3.0,2.0,2.0,2.0,2.0,2.0,2.0,2.0,2.0,2.0,1
24,2.0,3.0,3.0,3.0,2.0,3.0,3.0,3.0,3.0,2.0,2.0,2.0,3.0,2.0,2.0,3.0,2.0,2.0,3.0,1.0,2.0,2.0,1.0,1.0,1.0,1.0,2.0,3.0,2.0,2.0,1.0,2.0,2.0,3.0,1.0,1
25,1.0,2.0,1.0,2.0,1.0,1.0,1.0,2.0,1.0,1.0,1.0,1.0,2.0,2.0,2.0,2.0,2.0,2.0,3.0,1.0,1.0,1.0,3.0,2.0,2.0,2.0,2.0,2.0,2.0,2.0,3.0,1.0,1.0,2.0,1.0,1
26,2.0,2.0,0.0,2.0,1.0,1.0,1.0,3.0,2.0,2.0,2.0,2.0,2.0,2.0,0.0,0.0,0.0,0.0,1.0,1.0,1.0,1.0,3.0,3.0,1.0,1.0,2.0,2.0,2.0,3.0,3.0,1.0,2.0,2.0,1.0,0
27,2.0,3.0,3.0,3.0,2.0,3.0,3.0,3.0,2.0,3.0,2.0,2.0,1.0,1.0,2.0,2.0,2.0,2.0,1.0,1.0,1.0,2.0,1.0,1.0,1.0,1.0,2.0,1.0,1.0,2.0,1.0,1.0,1.0,2.0,1.0,0
28,2.0,2.0,2.0,2.0,2.0,2.0,1.0,3.0,2.0,2.0,2.0,2.0,3.0,2.0,0.0,2.0,2.0,2.0,2.0,2.0,1.0,3.0,3.0,2.0,3.0,2.0,3.0,2.0,2.0,2.0,2.0,2.0,2.0,2.0,2.0,1
29,4.0,3.0,2.0,3.0,3.0,2.0,2.0,2.0,2.0,2.0,2.0,2.0,2.0,2.0,3.0,3.0,2.0,2.0,2.0,1.0,1.0,1.0,1.0,3.0,1.0,3.0,3.0,1.0,0.0,2.0,1.0,2.0,1.0,1.0,1.0,0
30,1.0,4.0,4.0,4.0,4.0,4.0,4.0,4.0,3.0,3.0,2.0,2.0,2.0,2.0,2.0,2.0,0.0,2.0,3.0,1.0,2.0,2.0,2.0,2.0,2.0,2.0,0.0,0.0,0.0,2.0,0.0,0.0,0.0,0.0,0.0,0
31,2.0,3.0,2.0,2.0,2.0,2.0,2.0,2.0,2.0,2.0,2.0,2.0,3.0,2.0,2.0,2.0,2.0,2.0,3.0,3.0,1.0,1.0,2.0,2.0,2.0,4.0,2.0,2.0,2.0,2.0,1.0,4.0,1.0,2.0,4.0,1
32,2.0,3.0,2.0,2.0,2.0,2.0,1.0,3.0,2.0,2.0,2.0,2.0,4.0,2.0,2.0,2.0,2.0,2.0,2.0,1.0,1.0,1.0,2.0,2.0,2.0,1.0,2.0,2.0,2.0,1.0,2.0,1.0,2.0,2.0,1.0,0
33,1.0,3.0,3.0,3.0,3.0,3.0,1.0,3.0,3.0,3.0,2.0,2.0,2.0,1.0,3.0,2.0,2.0,2.0,1.0,1.0,0.0,0.0,0.0,0.0,0.0,0.0,0.0,0.0,0.0,0.0,0.0,0.0,0.0,0.0,0.0,0
34,1.0,2.0,0.0,0.0,0.0,0.0,0.0,3.0,2.0,3.0,1.0,1.0,4.0,1.0,2.0,2.0,1.0,1.0,4.0,1.0,1.0,1.0,3.0,1.0,1.0,2.0,1.0,1.0,1.0,3.0,1.0,1.0,1.0,1.0,1.0,1
35,0.0,2.0,0.0,0.0,0.0,0.0,2.0,2.0,2.0,0.0,0.0,0.0,2.0,0.0,0.0,0.0,0.0,0.0,3.0,3.0,3.0,3.0,3.0,3.0,3.0,3.0,2.0,2.0,2.0,2.0,2.0,3.0,2.0,2.0,3.0,1
36,1.0,2.0,0.0,0.0,0.0,0.0,0.0,2.0,2.0,0.0,0.0,0.0,2.0,2.0,0.0,0.0,0.0,0.0,1.0,1.0,0.0,1.0,2.0,2.0,2.0,1.0,2.0,2.0,1.0,1.0,1.0,1.0,2.0,2.0,1.0,0
37,4.0,2.0,2.0,4.0,3.0,3.0,2.0,3.0,2.0,2.0,2.0,2.0,1.0,1.0,0.0,0.0,2.0,2.0,3.0,2.0,2.0,2.0,2.0,2.0,2.0,1.0,2.0,2.0,0.0,1.0,0.0,2.0,0.0,2.0,1.0,1
38,2.0,3.0,2.0,2.0,2.0,2.0,2.0,3.0,2.0,1.0,3.0,0.0,3.0,1.0,0.0,0.0,0.0,0.0,2.0,3.0,1.0,1.0,2.0,2.0,2.0,1.0,0.0,2.0,0.0,1.0,2.0,0.0,2.0,2.0,1.0,1
39,3.0,3.0,1.0,2.0,2.0,1.0,1.0,3.0,2.0,2.0,2.0,2.0,3.0,2.0,0.0,2.0,2.0,0.0,2.0,2.0,1.0,1.0,2.0,1.0,1.0,1.0,2.0,1.0,1.0,2.0,2.0,1.0,2.0,1.0,1.0,1
40,2.0,2.0,0.0,2.0,0.0,0.0,2.0,3.0,2.0,2.0,0.0,0.0,3.0,2.0,3.0,2.0,2.0,2.0,1.0,2.0,1.0,1.0,2.0,2.0,1.0,2.0,0.0,0.0,0.0,0.0,0.0,0.0,0.0,0.0,0.0,1
41,2.0,2.0,0.0,0.0,0.0,1.0,2.0,3.0,2.0,2.0,1.0,2.0,2.0,2.0,1.0,1.0,1.0,1.0,3.0,4.0,2.0,3.0,3.0,3.0,3.0,2.0,2.0,2.0,3.0,3.0,2.0,2.0,1.0,2.0,2.0,0
42,2.0,2.0,2.0,2.0,2.0,2.0,2.0,2.0,2.0,2.0,2.0,2.0,2.0,2.0,2.0,2.0,2.0,2.0,2.0,2.0,2.0,2.0,2.0,2.0,2.0,2.0,2.0,2.0,1.0,1.0,1.0,2.0,2.0,2.0,1.0,1
43,2.0,2.0,0.0,2.0,0.0,0.0,1.0,2.0,2.0,2.0,2.0,2.0,3.0,1.0,0.0,0.0,0.0,0.0,1.0,1.0,0.0,1.0,1.0,1.0,1.0,1.0,2.0,2.0,2.0,2.0,2.0,1.0,1.0,1.0,1.0,0
44,0.0,2.0,0.0,2.0,0.0,0.0,2.0,2.0,1.0,2.0,2.0,2.0,1.0,1.0,0.0,0.0,0.0,0.0,2.0,0.0,2.0,1.0,2.0,2.0,2.0,0.0,0.0,0.0,0.0,0.0,0.0,0.0,3.0,2.0,0.0,1
45,3.0,3.0,2.0,2.0,0.0,0.0,1.0,3.0,2.0,2.0,2.0,2.0,3.0,2.0,0.0,0.0,0.0,0.0,2.0,1.0,1.0,1.0,2.0,1.0,2.0,1.0,2.0,2.0,1.0,2.0,2.0,1.0,2.0,2.0,1.0,0
46,1.0,2.0,2.0,3.0,2.0,2.0,4.0,2.0,2.0,2.0,2.0,2.0,2.0,2.0,2.0,2.0,2.0,2.0,2.0,1.0,1.0,1.0,2.0,1.0,1.0,1.0,2.0,2.0,2.0,2.0,2.0,2.0,2.0,2.0,2.0,0
47,2.0,3.0,0.0,0.0,0.0,2.0,2.0,3.0,3.0,2.0,1.0,1.0,3.0,2.0,0.0,0.0,0.0,0.0,3.0,1.0,1.0,2.0,2.0,1.0,1.0,1.0,1.0,3.0,1.0,1.0,2.0,2.0,2.0,1.0,2.0,1
48,1.0,4.0,3.0,4.0,4.0,4.0,3.0,3.0,3.0,2.0,2.0,3.0,1.0,1.0,2.0,2.0,3.0,3.0,3.0,2.0,2.0,2.0,2.0,2.0,2.0,1.0,1.0,4.0,0.0,1.0,1.0,1.0,0.0,1.0,0.0,0
49,3.0,2.0,0.0,0.0,0.0,0.0,0.0,3.0,2.0,2.0,2.0,2.0,2.0,2.0,0.0,0.0,0.0,0.0,2.0,1.0,1.0,1.0,2.0,1.0,1.0,1.0,0.0,0.0,0.0,0.0,0.0,0.0,0.0,0.0,0.0,0
50,2.0,2.0,0.0,2.0,1.0,0.0,2.0,3.0,2.0,2.0,2.0,1.0,3.0,2.0,2.0,2.0,2.0,2.0,1.0,1.0,1.0,1.0,1.0,1.0,1.0,1.0,3.0,2.0,2.0,2.0,2.0,2.0,2.0,1.0,2.0,0
51,3.0,2.0,0.0,0.0,0.0,0.0,0.0,3.0,0.0,2.0,2.0,0.0,2.0,2.0,0.0,0.0,0.0,0.0,2.0,0.0,0.0,0.0,0.0,0.0,0.0,0.0,0.0,0.0,1.0,2.0,2.0,1.0,1.0,1.0,1.0,0
52,1.0,3.0,1.0,2.0,2.0,1.0,2.0,3.0,2.0,3.0,2.0,1.0,2.0,2.0,1.0,2.0,2.0,2.0,2.0,1.0,2.0,1.0,2.0,2.0,1.0,1.0,2.0,2.0,1.0,1.0,2.0,1.0,2.0,2.0,1.0,0
53,0.0,4.0,0.0,4.0,0.0,0.0,0.0,0.0,0.0,0.0,0.0,0.0,0.0,0.0,0.0,0.0,0.0,4.0,0.0,0.0,0.0,0.0,0.0,0.0,0.0,0.0,0.0,0.0,0.0,0.0,0.0,0.0,0.0,0.0,0.0,1
54,1.0,2.0,2.0,2.0,2.0,2.0,1.0,2.0,2.0,2.0,2.0,2.0,3.0,1.0,0.0,2.0,2.0,2.0,1.0,1.0,1.0,1.0,1.0,1.0,1.0,1.0,2.0,2.0,2.0,2.0,1.0,1.0,1.0,2.0,1.0,0
55,2.0,4.0,4.0,4.0,3.0,4.0,0.0,4.0,4.0,0.0,3.0,0.0,1.0,1.0,3.0,4.0,4.0,3.0,3.0,1.0,2.0,1.0,3.0,3.0,1.0,1.0,4.0,3.0,0.0,1.0,1.0,1.0,1.0,3.0,1.0,1
56,1.0,2.0,0.0,2.0,0.0,0.0,0.0,4.0,0.0,0.0,0.0,0.0,3.0,2.0,2.0,2.0,2.0,0.0,1.0,1.0,0.0,0.0,2.0,2.0,1.0,1.0,0.0,0.0,0.0,0.0,0.0,0.0,0.0,0.0,0.0,0
57,2.0,3.0,3.0,3.0,3.0,3.0,3.0,3.0,2.0,2.0,3.0,2.0,2.0,2.0,2.0,2.0,3.0,2.0,3.0,2.0,2.0,2.0,3.0,2.0,3.0,2.0,3.0,2.0,2.0,3.0,2.0,3.0,2.0,2.0,2.0,1
58,1.0,3.0,2.0,3.0,2.0,2.0,1.0,3.0,2.0,3.0,2.0,3.0,4.0,1.0,1.0,1.0,1.0,1.0,1.0,2.0,2.0,1.0,2.0,2.0,2.0,2.0,2.0,2.0,1.0,1.0,2.0,2.0,1.0,2.0,0.0,1
59,4.0,4.0,1.0,2.0,2.0,1.0,1.0,4.0,3.0,1.0,1.0,1.0,3.0,1.0,3.0,4.0,3.0,2.0,1.0,1.0,1.0,1.0,1.0,1.0,1.0,1.0,3.0,1.0,1.0,1.0,2.0,1.0,1.0,1.0,1.0,0
