ID,"Masz jakiś pomysł na projekt data? Napisz nam o tym. Jeżeli to nie ten moment, pozostaw puste pole.",W jaki sposób chcesz uczestniczyć w Community?,Programming: R,Programming: Python,Programming: Bash,Version Control: GIT,Containers: Docker,"CLI: (np. Bash, PowerShell, CMD)","Front End: (HTML, JavaScript, CSS)",Databases: SQL,Databases: NoSQL,Cloud: Azure,Cloud: AWS,Cloud: GPC,BI: PowerBI,BI: Tableau,Area: Time Series,"Area: Classical ML (Clustering, Regression, Classification)",Area: NLP,Area: Computer Vision,Project Management,Promocja w Social Media,Ux/Ui,Projektowanie graficzne,Nawiązywanie Relacji z Biznesem,Nawiązywanie Relacji z naukowcami,Pozyskiwanie finansowania,Współpraca z administracją UEW,"Jeżeli jest obszar, na którym się znasz i chcesz go wykorzystać, dopisz go:",FinTech,HealthTech,FashionTech,E-commerce,SportTech,Non-profit,PropTech (nieruchomości),Cybersecurity,HR,"Jeżeli pominięto branżę, na której się znasz dopisz ją:"
1,"Projekt ""data"" będący mobilną stacją benzynową, umożliwiającą zdalne tankowanie na bezobsługowych stacjach i organizację miesięcznych kosztów zużycia paliwa.","Chcę uczestniczyć w projekcie data i organizować ""życie"" Community",2.0,3.0,3.0,4.0,3.0,4.0,4.0,3.0,3.0,3.0,2.0,2.0,3.0,3.0,2.0,2.0,2.0,2.0,3.0,4.0,4.0,4.0,3.0,3.0,3.0,2.0,,3.0,2.0,3.0,3.0,3.0,2.0,3.0,2.0,2.0,
2,,Chcę uczestniczyć w projekcie data,3.0,3.0,1.0,3.0,2.0,2.0,1.0,4.0,2.0,2.0,1.0,1.0,4.0,1.0,3.0,3.0,2.0,2.0,2.0,3.0,3.0,3.0,2.0,2.0,1.0,1.0,,2.0,2.0,2.0,2.0,2.0,2.0,2.0,2.0,2.0,
3,,Chcę uczestniczyć w projekcie data,0.0,1.0,0.0,1.0,0.0,0.0,0.0,3.0,0.0,0.0,0.0,0.0,2.0,0.0,1.0,3.0,0.0,0.0,3.0,2.0,2.0,2.0,2.0,2.0,2.0,2.0,,3.0,0.0,0.0,2.0,0.0,1.0,2.0,0.0,0.0,
4,,"Chcę uczestniczyć w projekcie data i organizować ""życie"" Community",3.0,3.0,2.0,2.0,2.0,2.0,1.0,3.0,2.0,2.0,2.0,2.0,2.0,3.0,3.0,3.0,2.0,2.0,2.0,3.0,3.0,3.0,2.0,2.0,2.0,3.0,Excel,3.0,2.0,2.0,3.0,1.0,3.0,1.0,2.0,1.0,
5,Wirtualni doradcy wpływający na pozytywną zmianę w zachowaniu konsumenta. Np zwiększenie skłonności do oszczędzania i planowania finansowego.,"Chcę uczestniczyć w projekcie data i organizować ""życie"" Community",3.0,3.0,2.0,2.0,2.0,2.0,1.0,3.0,1.0,1.0,2.0,1.0,1.0,3.0,1.0,4.0,3.0,1.0,2.0,1.0,1.0,1.0,4.0,4.0,1.0,3.0,,3.0,3.0,1.0,1.0,1.0,2.0,1.0,1.0,2.0,LawTech
6,modelowanie ryzyka kredytowego ,"Chcę uczestniczyć w projekcie data i organizować ""życie"" Community",1.0,3.0,2.0,2.0,2.0,2.0,2.0,3.0,2.0,2.0,2.0,2.0,2.0,1.0,3.0,2.0,2.0,2.0,3.0,1.0,1.0,1.0,3.0,3.0,3.0,3.0,Organizacja eventów,4.0,2.0,1.0,2.0,1.0,2.0,3.0,2.0,1.0,
7,,Chcę uczestniczyć w projekcie data,2.0,3.0,2.0,2.0,2.0,2.0,1.0,3.0,2.0,2.0,2.0,0.0,2.0,2.0,0.0,0.0,0.0,0.0,2.0,1.0,2.0,1.0,2.0,1.0,1.0,1.0,"Testowanie oprogramowania, proste automaty z użyciem selenium.",2.0,0.0,1.0,1.0,1.0,2.0,1.0,1.0,1.0,
8,,Chcę uczestniczyć w projekcie data,3.0,2.0,0.0,0.0,0.0,0.0,0.0,3.0,0.0,0.0,0.0,0.0,2.0,2.0,0.0,0.0,0.0,0.0,1.0,1.0,1.0,1.0,1.0,1.0,1.0,1.0,,1.0,1.0,0.0,2.0,0.0,1.0,0.0,1.0,1.0,
9,Analiza ruchu drogowego we Wrocławiu na podstawie nagrań z kamer - pozyskanych samodzielnie lub od Gminy Wrocław,Chcę uczestniczyć w projekcie data,1.0,3.0,2.0,2.0,2.0,2.0,2.0,4.0,2.0,3.0,2.0,2.0,4.0,3.0,2.0,3.0,2.0,2.0,3.0,1.0,1.0,1.0,3.0,2.0,2.0,2.0,Drążenie Dancyh (Data Mining),2.0,2.0,2.0,2.0,2.0,2.0,2.0,2.0,2.0,"Life Sciences, trochę się znam"
10,"Pomysłu na projekt nie posiadam w tym momencie ale wydaję mi się, że można by było rozpowszechnić informacje na temat github student developer pack https://education.github.com/students, a także aby jeden ze studentów aplikował na campus experta (następna aplikacja w sierpniu) w całej Polsce jest tylko dwóch jeden na PWr prowadzi PWrski (https://wmsdev.pl/) a drugi na WAT",Chcę uczestniczyć w projekcie data,2.0,2.0,1.0,2.0,0.0,2.0,1.0,2.0,2.0,2.0,2.0,2.0,2.0,0.0,0.0,0.0,0.0,0.0,0.0,0.0,0.0,0.0,3.0,0.0,0.0,0.0,,3.0,2.0,1.0,2.0,2.0,2.0,2.0,2.0,1.0,
11,Stworzyć projekt związany z blockchainem Flare który dostarcza dane na temat innych blockchainów i internetu. Dodatkowo ten projekt ma uruchomiony program grantów. Tutaj link do strony Flare= > https://flare.network/,Chcę uczestniczyć w projekcie data,0.0,2.0,0.0,3.0,0.0,1.0,3.0,2.0,2.0,2.0,2.0,2.0,2.0,0.0,0.0,0.0,0.0,0.0,2.0,2.0,2.0,1.0,2.0,2.0,2.0,0.0,,2.0,2.0,2.0,3.0,2.0,2.0,2.0,2.0,2.0,
12,"Projekt aplikacji lub strony internetowej która robi analizę statystyczną danych z messengera (kto najwięcej pisze, najpopularniejsze reakcje/słowa/wiadomości, historia nicków itp.). Ogólnie co się wymyśli można zrobić. To byłaby pierwsza część projektu, taka bardziej praca na danych i ich wizualizacja.

Drugą byłaby część związana z dużymi modelami językowymi. Na przykład analiza sentymentu wiadomości (pozytywne, neutralne, negatywne), przewidywanie kolejnych wiadomości, stworzenie bota danej osoby poprzez uczenie modelu jak pisała wcześniej. 

Dane z messengera można pobrać z Facebooka, wystarczy wypełnić zgłoszenie (sam to zrobiłem i wykonałem kilka analiz). Ogólnie myślę że ten projekt może być dobrym wprowadzeniem do modeli językowych, jak również samej analizy danych.
 
Na plus że jest bardzo modularny, czyli możemy go rozbudowywać tak długa jak będziemy mieć nowe pomysły na analizę (moim dodatkowym jest zrobienie coś w stylu Spotify wrapped, które pokazuje twoje statystyki z całego roku na przestrzeni wszystkich wiadomości, albo roczne  podsumowanie grupki). 
Drugi plus jest taki że danych które będziemy analizować jest bardzo dużo (tylko w moim przypadku mam grupę na messengerze która ma ponad milion wiadomości), i są bardzo różnorodne (każdy pisze z każdym trochę inaczej, jest slang itp.) 
A poza tym czy każdy nie chciałby znać ciekawych statystyk własnej grupki?
Co do bezpieczeństwa danych, bo są to w końcu prywatne konwersacje, przetwarzanie i analiza będzie się odbywała lokalnie, a nie na jakimś serwerze.
 ",Chcę uczestniczyć w projekcie data,3.0,3.0,2.0,3.0,2.0,2.0,2.0,3.0,2.0,2.0,2.0,2.0,2.0,2.0,2.0,2.0,2.0,2.0,2.0,1.0,2.0,1.0,2.0,2.0,2.0,1.0,,3.0,2.0,2.0,2.0,2.0,2.0,2.0,1.0,1.0,
13,,Chcę uczestniczyć w projekcie data,0.0,2.0,0.0,1.0,0.0,0.0,0.0,4.0,1.0,0.0,0.0,0.0,3.0,1.0,1.0,0.0,0.0,0.0,1.0,0.0,1.0,2.0,0.0,0.0,0.0,0.0,"Excel, SQL, PowerBI",0.0,1.0,0.0,2.0,0.0,0.0,0.0,0.0,0.0,
14,,Chcę uczestniczyć w projekcie data,2.0,2.0,0.0,0.0,0.0,0.0,2.0,2.0,2.0,2.0,2.0,2.0,2.0,2.0,0.0,0.0,0.0,0.0,3.0,3.0,2.0,1.0,2.0,1.0,1.0,1.0,Umiem bardzo dobrze rozplanować obowiązki swoje i osób z którymi miałem przyjemność współpracować :D,2.0,2.0,1.0,3.0,2.0,3.0,1.0,2.0,1.0,
15,,Chcę uczestniczyć w projekcie data,2.0,2.0,0.0,0.0,0.0,0.0,0.0,2.0,0.0,0.0,0.0,0.0,2.0,2.0,0.0,0.0,0.0,0.0,0.0,1.0,0.0,0.0,1.0,0.0,0.0,0.0,,1.0,0.0,0.0,1.0,0.0,0.0,1.0,0.0,1.0,
16,dopasowanie kandydatów do ofert pracy - liczenie scoringu na podstawie umiejętności i chęci rozwoju,"Chcę uczestniczyć w projekcie data i organizować ""życie"" Community",4.0,4.0,3.0,4.0,4.0,3.0,3.0,3.0,3.0,3.0,3.0,4.0,2.0,3.0,4.0,4.0,4.0,2.0,4.0,2.0,3.0,1.0,4.0,4.0,3.0,3.0,,3.0,2.0,2.0,4.0,2.0,3.0,2.0,2.0,3.0,
17,,Chcę uczestniczyć w projekcie data,2.0,2.0,0.0,0.0,0.0,1.0,1.0,2.0,2.0,0.0,0.0,0.0,2.0,2.0,0.0,0.0,0.0,0.0,1.0,1.0,2.0,3.0,2.0,2.0,2.0,2.0,,0.0,0.0,0.0,0.0,0.0,0.0,0.0,0.0,0.0,
18,,Chcę uczestniczyć w projekcie data,2.0,2.0,2.0,3.0,2.0,2.0,2.0,3.0,2.0,2.0,0.0,0.0,0.0,0.0,0.0,3.0,2.0,0.0,1.0,1.0,2.0,2.0,1.0,2.0,1.0,1.0,,0.0,0.0,0.0,0.0,0.0,0.0,0.0,0.0,0.0,
19,"Jako że zajmuję się głównie SQL-em moim pomysłem jest zrobienie czegoś w stylu generatora kodu SQL-a przy wykorzystaniu rekurencyjnych CTE, dzięki czemu połączenia między tabelami w relacyjnej bazie danych mogą zostać wykorzystane do utworzenia czegoś na zasadzie bazy grafowej. Póki co jest to bardziej wizja niż jakiś poważny pomysł - zakładam, że może być bezużyteczny, biorąc pod uwagę, że to SQL.",Chcę uczestniczyć w projekcie data,1.0,3.0,1.0,1.0,1.0,1.0,1.0,4.0,3.0,3.0,1.0,1.0,3.0,3.0,1.0,3.0,2.0,1.0,1.0,1.0,1.0,1.0,1.0,1.0,1.0,1.0,,0.0,0.0,0.0,0.0,0.0,0.0,0.0,0.0,0.0,
20,,Chcę uczestniczyć w projekcie data,2.0,3.0,2.0,3.0,2.0,2.0,2.0,3.0,2.0,2.0,2.0,2.0,2.0,2.0,2.0,2.0,2.0,2.0,2.0,1.0,1.0,1.0,2.0,2.0,2.0,2.0,,2.0,2.0,0.0,2.0,0.0,2.0,0.0,2.0,1.0,
21,,Chcę uczestniczyć w projekcie data,3.0,2.0,0.0,0.0,0.0,0.0,2.0,3.0,2.0,2.0,2.0,2.0,3.0,2.0,0.0,0.0,0.0,0.0,2.0,2.0,0.0,0.0,0.0,0.0,0.0,0.0,,0.0,0.0,0.0,2.0,0.0,0.0,0.0,2.0,0.0,
22,,"Chcę uczestniczyć w projekcie data i organizować ""życie"" Community",1.0,2.0,1.0,2.0,1.0,1.0,2.0,3.0,2.0,2.0,1.0,2.0,2.0,2.0,1.0,1.0,1.0,1.0,2.0,3.0,2.0,2.0,3.0,2.0,2.0,3.0,,2.0,1.0,2.0,2.0,1.0,1.0,2.0,1.0,2.0,
23,,"Chcę uczestniczyć w projekcie data i organizować ""życie"" Community",2.0,3.0,2.0,2.0,2.0,2.0,1.0,4.0,2.0,2.0,2.0,2.0,4.0,2.0,2.0,2.0,2.0,2.0,3.0,3.0,1.0,1.0,4.0,2.0,3.0,3.0,,2.0,2.0,2.0,2.0,2.0,2.0,2.0,2.0,2.0,
24,,"Chcę uczestniczyć w projekcie data i organizować ""życie"" Community",2.0,3.0,3.0,3.0,2.0,3.0,3.0,3.0,3.0,2.0,2.0,2.0,3.0,2.0,2.0,3.0,2.0,2.0,3.0,1.0,2.0,2.0,1.0,1.0,1.0,1.0,,2.0,3.0,2.0,2.0,1.0,2.0,2.0,3.0,1.0,
25,"Mam dużo pomysłów pod kątem biznesowym, ale wymagają konfrontacji z technicznymi ludźmi","Chcę uczestniczyć w projekcie data i organizować ""życie"" Community",1.0,2.0,1.0,2.0,1.0,1.0,1.0,2.0,1.0,1.0,1.0,1.0,2.0,2.0,2.0,2.0,2.0,2.0,3.0,1.0,1.0,1.0,3.0,2.0,2.0,2.0,"Umiem pisać strategie. biznesowe, szybko wykrywam potencjalne szanse/zagrożenia, umiem współpracować i łatwo nawiązuję kontakty",2.0,2.0,2.0,2.0,3.0,1.0,1.0,2.0,1.0,Sam pisałem te branże
26,,Chcę uczestniczyć w projekcie data,2.0,2.0,0.0,2.0,1.0,1.0,1.0,3.0,2.0,2.0,2.0,2.0,2.0,2.0,0.0,0.0,0.0,0.0,1.0,1.0,1.0,1.0,3.0,3.0,1.0,1.0,,2.0,2.0,2.0,3.0,3.0,1.0,2.0,2.0,1.0,
27,,Chcę uczestniczyć w projekcie data,2.0,3.0,3.0,3.0,2.0,3.0,3.0,3.0,2.0,3.0,2.0,2.0,1.0,1.0,2.0,2.0,2.0,2.0,1.0,1.0,1.0,2.0,1.0,1.0,1.0,1.0,"Programowanie C++, tworzenie gier / scen w silniku Unreal Engine 5",2.0,1.0,1.0,2.0,1.0,1.0,1.0,2.0,1.0,
28,,"Chcę uczestniczyć w projekcie data i organizować ""życie"" Community",2.0,2.0,2.0,2.0,2.0,2.0,1.0,3.0,2.0,2.0,2.0,2.0,3.0,2.0,0.0,2.0,2.0,2.0,2.0,2.0,1.0,3.0,3.0,2.0,3.0,2.0,,3.0,2.0,2.0,2.0,2.0,2.0,2.0,2.0,2.0,
29,,Chcę uczestniczyć w projekcie data,4.0,3.0,2.0,3.0,3.0,2.0,2.0,2.0,2.0,2.0,2.0,2.0,2.0,2.0,3.0,3.0,2.0,2.0,2.0,1.0,1.0,1.0,1.0,3.0,1.0,3.0,Wizualizacja danych w R w tym shiny,3.0,1.0,0.0,2.0,1.0,2.0,1.0,1.0,1.0,Dane przestrzenne
30,,Chcę uczestniczyć w projekcie data,1.0,4.0,4.0,4.0,4.0,4.0,4.0,4.0,3.0,3.0,2.0,2.0,2.0,2.0,2.0,2.0,0.0,2.0,3.0,1.0,2.0,2.0,2.0,2.0,2.0,2.0,,0.0,0.0,0.0,2.0,0.0,0.0,0.0,0.0,0.0,
31,,"Chcę uczestniczyć w projekcie data i organizować ""życie"" Community",2.0,3.0,2.0,2.0,2.0,2.0,2.0,2.0,2.0,2.0,2.0,2.0,3.0,2.0,2.0,2.0,2.0,2.0,3.0,3.0,1.0,1.0,2.0,2.0,2.0,4.0,,2.0,2.0,2.0,2.0,1.0,4.0,1.0,2.0,4.0,
32,,Chcę uczestniczyć w projekcie data,2.0,3.0,2.0,2.0,2.0,2.0,1.0,3.0,2.0,2.0,2.0,2.0,4.0,2.0,2.0,2.0,2.0,2.0,2.0,1.0,1.0,1.0,2.0,2.0,2.0,1.0,,2.0,2.0,2.0,1.0,2.0,1.0,2.0,2.0,1.0,
33,"Może nie konkretny projekt, ale w przypadku jakiegoś fajnego modelu chciałbym stworzyć środowisko Docker - owe bądź chmurowe. Spróbować wyjść poza zakres tylko programowanie, ale także jak nasz kod wprowadzić w życie z naszymi środkami.",Chcę uczestniczyć w projekcie data,1.0,3.0,3.0,3.0,3.0,3.0,1.0,3.0,3.0,3.0,2.0,2.0,2.0,1.0,3.0,2.0,2.0,2.0,1.0,1.0,0.0,0.0,0.0,0.0,0.0,0.0,,0.0,0.0,0.0,0.0,0.0,0.0,0.0,0.0,0.0,
34,,"Chcę uczestniczyć w projekcie data i organizować ""życie"" Community",1.0,2.0,0.0,0.0,0.0,0.0,0.0,3.0,2.0,3.0,1.0,1.0,4.0,1.0,2.0,2.0,1.0,1.0,4.0,1.0,1.0,1.0,3.0,1.0,1.0,2.0,,1.0,1.0,1.0,3.0,1.0,1.0,1.0,1.0,1.0,"branża energetyczna, produkcja"
35,,"Chcę uczestniczyć w projekcie data i organizować ""życie"" Community",0.0,2.0,0.0,0.0,0.0,0.0,2.0,2.0,2.0,0.0,0.0,0.0,2.0,0.0,0.0,0.0,0.0,0.0,3.0,3.0,3.0,3.0,3.0,3.0,3.0,3.0,,2.0,2.0,2.0,2.0,2.0,3.0,2.0,2.0,3.0,
36,,Chcę uczestniczyć w projekcie data,1.0,2.0,0.0,0.0,0.0,0.0,0.0,2.0,2.0,0.0,0.0,0.0,2.0,2.0,0.0,0.0,0.0,0.0,1.0,1.0,0.0,1.0,2.0,2.0,2.0,1.0,,2.0,2.0,1.0,1.0,1.0,1.0,2.0,2.0,1.0,
37,,"Chcę uczestniczyć w projekcie data i organizować ""życie"" Community",4.0,2.0,2.0,4.0,3.0,3.0,2.0,3.0,2.0,2.0,2.0,2.0,1.0,1.0,0.0,0.0,2.0,2.0,3.0,2.0,2.0,2.0,2.0,2.0,2.0,1.0,"CI/CD, gitlab, dobre praktyki programistyczne: clean code, TDD, BDD, Agile - tak w stopniu 3",2.0,2.0,0.0,1.0,0.0,2.0,0.0,2.0,1.0,
38,,"Chcę uczestniczyć w projekcie data i organizować ""życie"" Community",2.0,3.0,2.0,2.0,2.0,2.0,2.0,3.0,2.0,1.0,3.0,0.0,3.0,1.0,0.0,0.0,0.0,0.0,2.0,3.0,1.0,1.0,2.0,2.0,2.0,1.0,,0.0,2.0,0.0,1.0,2.0,0.0,2.0,2.0,1.0,
39,,"Chcę uczestniczyć w projekcie data i organizować ""życie"" Community",3.0,3.0,1.0,2.0,2.0,1.0,1.0,3.0,2.0,2.0,2.0,2.0,3.0,2.0,0.0,2.0,2.0,0.0,2.0,2.0,1.0,1.0,2.0,1.0,1.0,1.0,,2.0,1.0,1.0,2.0,2.0,1.0,2.0,1.0,1.0,
40,,"Chcę uczestniczyć w projekcie data i organizować ""życie"" Community",2.0,2.0,0.0,2.0,0.0,0.0,2.0,3.0,2.0,2.0,0.0,0.0,3.0,2.0,3.0,2.0,2.0,2.0,1.0,2.0,1.0,1.0,2.0,2.0,1.0,2.0,,0.0,0.0,0.0,0.0,0.0,0.0,0.0,0.0,0.0,
41,,Chcę uczestniczyć w projekcie data,2.0,2.0,0.0,0.0,0.0,1.0,2.0,3.0,2.0,2.0,1.0,2.0,2.0,2.0,1.0,1.0,1.0,1.0,3.0,4.0,2.0,3.0,3.0,3.0,3.0,2.0,,2.0,2.0,3.0,3.0,2.0,2.0,1.0,2.0,2.0,
42,,"Chcę uczestniczyć w projekcie data i organizować ""życie"" Community",2.0,2.0,2.0,2.0,2.0,2.0,2.0,2.0,2.0,2.0,2.0,2.0,2.0,2.0,2.0,2.0,2.0,2.0,2.0,2.0,2.0,2.0,2.0,2.0,2.0,2.0,,2.0,2.0,1.0,1.0,1.0,2.0,2.0,2.0,1.0,
43,,Chcę uczestniczyć w projekcie data,2.0,2.0,0.0,2.0,0.0,0.0,1.0,2.0,2.0,2.0,2.0,2.0,3.0,1.0,0.0,0.0,0.0,0.0,1.0,1.0,0.0,1.0,1.0,1.0,1.0,1.0,,2.0,2.0,2.0,2.0,2.0,1.0,1.0,1.0,1.0,
44,"Jest wiele platform agregujących ogłoszenia z portali online, pozwalają one na filtrowanie np. ofert prywatnych, tych wystawionych przez biura pośrednictwa czy nawet komornika lub syndyka. Wszystkie tego typu platformy zapewniają bogate opcje filtrowania ale żadna z nich nie „śledzi” obecnie panujących trendów. 
Proponuję stworzenie oprogramowania zbierającego oferty z rynku ale poza zwykłym filtrowaniem (wielkość, ilość pokoi, cena za m2, itd.) skupiająca się na wyszukiwaniu okazji w danych lokalizacjach. 
Docelowym odbiorcą mogłyby być osoby fizyczne chcące kupić nieruchomość do remontu poniżej ceny rynkowej. 
Celem projektowym byłoby stworzenie oprogramowania, które w pierwszej kolejności musiałoby stworzyć bazę uszeregowanych ofert nieruchomości po czym w ramach ściśle określonych parametrów wyłonić rokujące na okazje inwestycyjne. 

To na ten moment bardzo luźny pomysł i musiałbym go jeszcze przemyśleć/przedyskutować :) ","Chcę uczestniczyć w projekcie data i organizować ""życie"" Community",0.0,2.0,0.0,2.0,0.0,0.0,2.0,2.0,1.0,2.0,2.0,2.0,1.0,1.0,0.0,0.0,0.0,0.0,2.0,0.0,2.0,1.0,2.0,2.0,2.0,0.0,,0.0,0.0,0.0,0.0,0.0,0.0,3.0,2.0,0.0,
45,,Chcę uczestniczyć w projekcie data,3.0,3.0,2.0,2.0,0.0,0.0,1.0,3.0,2.0,2.0,2.0,2.0,3.0,2.0,0.0,0.0,0.0,0.0,2.0,1.0,1.0,1.0,2.0,1.0,2.0,1.0,,2.0,2.0,1.0,2.0,2.0,1.0,2.0,2.0,1.0,
46,,Chcę uczestniczyć w projekcie data,1.0,2.0,2.0,3.0,2.0,2.0,4.0,2.0,2.0,2.0,2.0,2.0,2.0,2.0,2.0,2.0,2.0,2.0,2.0,1.0,1.0,1.0,2.0,1.0,1.0,1.0,,2.0,2.0,2.0,2.0,2.0,2.0,2.0,2.0,2.0,
47,,"Chcę uczestniczyć w projekcie data i organizować ""życie"" Community",2.0,3.0,0.0,0.0,0.0,2.0,2.0,3.0,3.0,2.0,1.0,1.0,3.0,2.0,0.0,0.0,0.0,0.0,3.0,1.0,1.0,2.0,2.0,1.0,1.0,1.0,,1.0,3.0,1.0,1.0,2.0,2.0,2.0,1.0,2.0,
48,,Chcę uczestniczyć w projekcie data,1.0,4.0,3.0,4.0,4.0,4.0,3.0,3.0,3.0,2.0,2.0,3.0,1.0,1.0,2.0,2.0,3.0,3.0,3.0,2.0,2.0,2.0,2.0,2.0,2.0,1.0,,1.0,4.0,0.0,1.0,1.0,1.0,0.0,1.0,0.0,
49,,Chcę uczestniczyć w projekcie data,3.0,2.0,0.0,0.0,0.0,0.0,0.0,3.0,2.0,2.0,2.0,2.0,2.0,2.0,0.0,0.0,0.0,0.0,2.0,1.0,1.0,1.0,2.0,1.0,1.0,1.0,,0.0,0.0,0.0,0.0,0.0,0.0,0.0,0.0,0.0,
50,,Chcę uczestniczyć w projekcie data,2.0,2.0,0.0,2.0,1.0,0.0,2.0,3.0,2.0,2.0,2.0,1.0,3.0,2.0,2.0,2.0,2.0,2.0,1.0,1.0,1.0,1.0,1.0,1.0,1.0,1.0,DataViz,3.0,2.0,2.0,2.0,2.0,2.0,2.0,1.0,2.0,Finance
51,,Chcę uczestniczyć w projekcie data,3.0,2.0,0.0,0.0,0.0,0.0,0.0,3.0,0.0,2.0,2.0,0.0,2.0,2.0,0.0,0.0,0.0,0.0,2.0,0.0,0.0,0.0,0.0,0.0,0.0,0.0,,0.0,0.0,1.0,2.0,2.0,1.0,1.0,1.0,1.0,
52,"Analizy, modele ML w sporcie, a w szczególności piłka nożna. Popularny temat ostatnio w akademiach piłkarskich wielkich klubów - wykorzystywanie Big Daty do weryfikowania wstępnych umiejętności przyszłych młodych zawodników z całego świata. Nic nie weryfikowałem z dostępnością danych, luźny temat. ",Chcę uczestniczyć w projekcie data,1.0,3.0,1.0,2.0,2.0,1.0,2.0,3.0,2.0,3.0,2.0,1.0,2.0,2.0,1.0,2.0,2.0,2.0,2.0,1.0,2.0,1.0,2.0,2.0,1.0,1.0,,2.0,2.0,1.0,1.0,2.0,1.0,2.0,2.0,1.0,
53,Mnóstwo computer vision,"Chcę uczestniczyć w projekcie data i organizować ""życie"" Community",0.0,4.0,0.0,4.0,0.0,0.0,0.0,0.0,0.0,0.0,0.0,0.0,0.0,0.0,0.0,0.0,0.0,4.0,0.0,0.0,0.0,0.0,0.0,0.0,0.0,0.0,,0.0,0.0,0.0,0.0,0.0,0.0,0.0,0.0,0.0,defense
54,"Pseudo klon portalu Bumbeo. Baza danych zawierające informacje na temat średnich zarobków w różnych krajach, kosztów życia i innych danych. Z tą różnicą, że dane nie pochodziłyby od użytkowników, tylko z gotowych źródeł danych (urzędowe bazy statystyczne itp.). Nie musi być taka sama tematyka jak na numbeo, ale wykonując taki projekt można by trochę się podszkolić bazodanowo/scrappowo, a przy tym może stworzyć coś ciekawego dla innych.",Chcę uczestniczyć w projekcie data,1.0,2.0,2.0,2.0,2.0,2.0,1.0,2.0,2.0,2.0,2.0,2.0,3.0,1.0,0.0,2.0,2.0,2.0,1.0,1.0,1.0,1.0,1.0,1.0,1.0,1.0,"Rozbijanie złożonych tematów na mniejsze obszary i definiowanie rzeczy do zrobienia, kategoryzowanie oraz wizualizacje w ramach map myśli. // Wykorzystywanie języków obcych w praktyce (np. wsparcie przy komunikacji podczas nawiązywanie, któreś z wyżej wymienionych relacji).",2.0,2.0,2.0,2.0,1.0,1.0,1.0,2.0,1.0,SSC i BPO / Automotive
55,Biblioteka do analizy grafów oparta na zapytaniach sql,"Chcę uczestniczyć w projekcie data i organizować ""życie"" Community",2.0,4.0,4.0,4.0,3.0,4.0,0.0,4.0,4.0,0.0,3.0,0.0,1.0,1.0,3.0,4.0,4.0,3.0,3.0,1.0,2.0,1.0,3.0,3.0,1.0,1.0,,4.0,3.0,0.0,1.0,1.0,1.0,1.0,3.0,1.0,"Insurance, Debt Collection, OperationsTech, Intelligence"
56,,Chcę uczestniczyć w projekcie data,1.0,2.0,0.0,2.0,0.0,0.0,0.0,4.0,0.0,0.0,0.0,0.0,3.0,2.0,2.0,2.0,2.0,0.0,1.0,1.0,0.0,0.0,2.0,2.0,1.0,1.0,,0.0,0.0,0.0,0.0,0.0,0.0,0.0,0.0,0.0,produkcja FMCG
57,Mam pomysł lecz dość ogólny. Pomysł polegana wsparciu procesu researchu.,"Chcę uczestniczyć w projekcie data i organizować ""życie"" Community",2.0,3.0,3.0,3.0,3.0,3.0,3.0,3.0,2.0,2.0,3.0,2.0,2.0,2.0,2.0,2.0,3.0,2.0,3.0,2.0,2.0,2.0,3.0,2.0,3.0,2.0,,3.0,2.0,2.0,3.0,2.0,3.0,2.0,2.0,2.0,
58,,"Chcę uczestniczyć w projekcie data i organizować ""życie"" Community",1.0,3.0,2.0,3.0,2.0,2.0,1.0,3.0,2.0,3.0,2.0,3.0,4.0,1.0,1.0,1.0,1.0,1.0,1.0,2.0,2.0,1.0,2.0,2.0,2.0,2.0,,2.0,2.0,1.0,1.0,2.0,2.0,1.0,2.0,0.0,
59,,Chcę uczestniczyć w projekcie data,4.0,4.0,1.0,2.0,2.0,1.0,1.0,4.0,3.0,1.0,1.0,1.0,3.0,1.0,3.0,4.0,3.0,2.0,1.0,1.0,1.0,1.0,1.0,1.0,1.0,1.0,,3.0,1.0,1.0,1.0,2.0,1.0,1.0,1.0,1.0,
